id,first_name,last_name,email,gender,country,salary
1,Sylvester,Zebedee,szebedee0@smh.com.au,Genderqueer,United States,6133.2
2,Darill,Schwieso,dschwieso1@163.com,Polygender,United States,4530.0
3,Cathryn,Anthony,canthony2@sitemeter.com,Genderfluid,United States,3782.9
4,Vanya,Robbey,vrobbey3@usnews.com,Genderqueer,United States,3091.7
5,Kippy,Camois,kcamois4@chronoengine.com,Bigender,United States,6566.0
6,Ramsay,Petto,rpetto5@theatlantic.com,Male,United States,8071.1
7,Willem,Shay,wshay6@icio.us,Non-binary,United States,3461.3
8,Luisa,Coventry,lcoventry7@homestead.com,Non-binary,United States,8806.5
9,Noam,Poser,nposer8@163.com,Male,United States,5914.9
10,Kerianne,Spurgeon,kspurgeon9@squidoo.com,Bigender,Sri Lanka,8007.0
11,Gene,Izakovitz,gizakovitza@redcross.org,Genderfluid,United States,9752.8
12,Lissi,Bowers,lbowersb@odnoklassniki.ru,Agender,United States,5182.3
13,Nancy,Fatkin,nfatkinc@columbia.edu,Male,United States,9446.2
14,Nolly,Janda,njandad@photobucket.com,Genderfluid,United States,6491.0
15,Owen,Wands,owandse@un.org,Female,United States,4437.9
16,Clevey,Keymar,ckeymarf@usa.gov,Male,United States,5421.4
17,Ambrosi,McKelvey,amckelveyg@hao123.com,Non-binary,United States,4485.5
18,Aurlie,Brandenberg,abrandenbergh@pbs.org,Male,United States,7585.5
19,Alessandro,Sigward,asigwardi@weebly.com,Female,United States,4442.6
20,Kelsey,Loyd,kloydj@tumblr.com,Genderqueer,United States,2707.0
21,Lou,Gjerde,lgjerdek@phoca.cz,Non-binary,United States,7452.3
22,Berty,Gillaspy,bgillaspyl@sciencedaily.com,Genderqueer,United States,7172.9
23,Daffie,Guildford,dguildfordm@mozilla.org,Male,Sri Lanka,3024.1
24,Brandie,Uvedale,buvedalen@cloudflare.com,Agender,United States,8590.9
25,Sarina,Binstead,sbinsteado@thetimes.co.uk,Agender,United States,4374.2
26,Matt,Navein,mnaveinp@oracle.com,Genderfluid,Sri Lanka,2842.7
27,Sarette,O'Dogherty,sodoghertyq@newsvine.com,Bigender,United States,8559.4
28,Bartlet,Lansdown,blansdownr@sbwire.com,Male,United States,9084.2
29,Cary,Lutsch,clutschs@sakura.ne.jp,Agender,United States,6976.1
30,Sascha,Dashkovich,sdashkovicht@squarespace.com,Non-binary,United States,3709.0
31,Sarajane,Krystek,skrysteku@ask.com,Female,United States,8394.2
32,Blakelee,Castells,bcastellsv@networkadvertising.org,Genderqueer,United States,6750.6
33,Hannah,Pretious,hpretiousw@storify.com,Non-binary,United States,6859.9
34,Emalia,Grangier,egrangierx@bigcartel.com,Female,United States,9119.2
35,Ryun,Waters,rwatersy@mac.com,Non-binary,United States,3052.3
36,Tisha,Heugel,theugelz@merriam-webster.com,Agender,United States,5696.2
37,Sandie,Gowenlock,sgowenlock10@usatoday.com,Genderfluid,United States,3079.3
38,Marnia,Middle,mmiddle11@earthlink.net,Genderfluid,United States,5845.2
39,Kris,Delacourt,kdelacourt12@infoseek.co.jp,Agender,United States,7316.1
40,Rhodia,Wison,rwison13@goodreads.com,Female,United States,8683.8
41,Malvin,Setter,msetter14@list-manage.com,Male,United States,6732.8
42,Rora,Tierney,rtierney15@ycombinator.com,Polygender,United States,5760.1
43,Bernardine,McCorkell,bmccorkell16@sina.com.cn,Bigender,United States,6918.0
44,Esma,Poon,epoon17@vimeo.com,Female,United States,8537.6
45,Kim,Loch,kloch18@mit.edu,Genderfluid,United States,5189.8
46,Curcio,Callum,ccallum19@vk.com,Female,Sri Lanka,4166.4
47,Konstantin,Rantoull,krantoull1a@state.tx.us,Non-binary,United States,4694.8
48,Witty,Mariner,wmariner1b@angelfire.com,Genderqueer,United States,9457.3
49,Marie-ann,Allwell,mallwell1c@yahoo.co.jp,Genderqueer,United States,3473.2
50,Lyndell,Mumm,lmumm1d@fastcompany.com,Polygender,United States,3607.4
51,Michail,Ferrettini,mferrettini1e@exblog.jp,Non-binary,United States,8906.3
52,Eduino,Cheyenne,echeyenne1f@businessweek.com,Genderqueer,Sri Lanka,8091.3
53,Lydia,Bennellick,lbennellick1g@dailymail.co.uk,Polygender,United States,3009.2
54,Glenn,Lilford,glilford1h@etsy.com,Genderfluid,United States,5689.2
55,Sim,Dwelley,sdwelley1i@barnesandnoble.com,Genderfluid,United States,4208.0
56,Aileen,Bagg,abagg1j@gov.uk,Agender,United States,7905.2
57,Benjamen,Rosita,brosita1k@google.com.hk,Agender,United States,6916.5
58,Darcy,Arrow,darrow1l@ask.com,Genderfluid,United States,4590.9
59,Nanci,Alderwick,nalderwick1m@naver.com,Genderqueer,United States,8349.8
60,Gery,Kolodziejski,gkolodziejski1n@over-blog.com,Female,United States,5400.1
61,Alane,Munt,amunt1o@home.pl,Genderfluid,United States,7195.9
62,Marget,Hurworth,mhurworth1p@bravesites.com,Male,United States,2880.5
63,Ania,Wandrich,awandrich1q@fotki.com,Genderfluid,United States,6139.0
64,Amaleta,Yepiskov,ayepiskov1r@multiply.com,Male,United States,2975.9
65,Chicky,Parker,cparker1s@photobucket.com,Genderqueer,United States,7469.1
66,Pascale,Chastand,pchastand1t@chronoengine.com,Male,United States,7191.9
67,Kitty,Evill,kevill1u@nymag.com,Genderfluid,Australia,4902.2
68,Rosamond,Camies,rcamies1v@networkadvertising.org,Male,United States,6706.5
69,Bibbye,Taile,btaile1w@businessweek.com,Male,United States,3699.3
70,Rockey,Ingyon,ringyon1x@infoseek.co.jp,Agender,United States,6234.3
71,Luigi,Dufoure,ldufoure1y@drupal.org,Bigender,United States,4088.5
72,Lucais,Wellington,lwellington1z@virginia.edu,Genderqueer,United States,9534.1
73,Courtney,Riepl,criepl20@si.edu,Agender,Australia,5606.3
74,Inger,Brayford,ibrayford21@economist.com,Bigender,United States,4706.8
75,Hershel,Ribbens,hribbens22@instagram.com,Female,United States,4682.7
76,Marisa,Franseco,mfranseco23@people.com.cn,Female,United States,4733.6
77,Jerry,Parkinson,jparkinson24@comsenz.com,Polygender,United States,4525.5
78,Martha,Portugal,mportugal25@exblog.jp,Agender,United States,6018.4
79,Renaud,Thandi,rthandi26@google.nl,Agender,United States,3831.1
80,Mariel,Beiderbecke,mbeiderbecke27@soup.io,Genderqueer,United States,9882.0
81,Robinette,Ramberg,rramberg28@sitemeter.com,Genderqueer,United States,2771.1
82,Violet,Wortman,vwortman29@woothemes.com,Polygender,United States,3588.3
83,Georgeta,Biset,gbiset2a@apple.com,Male,United States,9334.9
84,Jean,Seale,jseale2b@mapy.cz,Male,United States,6300.5
85,Hailee,Tunnick,htunnick2c@rakuten.co.jp,Polygender,United States,9848.0
86,Cherye,Dun,cdun2d@canalblog.com,Genderqueer,United States,6868.5
87,Florian,Flatman,fflatman2e@chronoengine.com,Genderfluid,United States,7562.7
88,Salomon,Skelhorn,sskelhorn2f@tamu.edu,Male,Sri Lanka,7207.9
89,Sheeree,Andreichik,sandreichik2g@bloglines.com,Genderqueer,United States,6792.5
90,Daveen,Slite,dslite2h@noaa.gov,Genderqueer,United States,4211.5
91,Morry,Priden,mpriden2i@tripadvisor.com,Non-binary,United States,3834.3
92,Gale,Tomkowicz,gtomkowicz2j@addthis.com,Polygender,United States,9164.1
93,Sandy,Feedome,sfeedome2k@rediff.com,Polygender,Sri Lanka,7090.4
94,Binny,Guierre,bguierre2l@phoca.cz,Female,United States,8576.3
95,Kristin,McColley,kmccolley2m@umn.edu,Polygender,United States,7820.6
96,Michal,O'Dreain,modreain2n@samsung.com,Male,United States,9392.4
97,Bendix,Gallety,bgallety2o@vimeo.com,Female,United States,6877.9
98,Mindy,Gumby,mgumby2p@vinaora.com,Agender,United States,7899.5
99,Donall,O'Dowgaine,dodowgaine2q@omniture.com,Genderfluid,United States,5218.2
100,Thorpe,Blackbourn,tblackbourn2r@4shared.com,Female,United States,8022.7
101,Bell,Borsay,bborsay2s@deliciousdays.com,Non-binary,United States,6643.0
102,Zachery,Caret,zcaret2t@google.de,Female,United States,4535.4
103,Rosalie,Tams,rtams2u@biblegateway.com,Genderqueer,United States,2710.9
104,Nada,Seavers,nseavers2v@cnet.com,Agender,United States,8151.2
105,Joby,McCafferky,jmccafferky2w@ihg.com,Female,United States,9018.5
106,Gael,Horsburgh,ghorsburgh2x@t.co,Male,United States,7101.3
107,Shandy,Broadway,sbroadway2y@w3.org,Female,United States,3617.4
108,Bentley,Jedrachowicz,bjedrachowicz2z@nifty.com,Genderfluid,United States,6625.9
109,Westbrook,Peddowe,wpeddowe30@webeden.co.uk,Bigender,United States,5799.1
110,Freddi,Livoir,flivoir31@howstuffworks.com,Genderqueer,United States,5514.6
111,Waldo,Hancock,whancock32@ocn.ne.jp,Non-binary,United States,9201.4
112,Vasili,Menis,vmenis33@cargocollective.com,Polygender,United States,5301.4
113,Donny,Maltster,dmaltster34@google.ru,Bigender,United States,4440.9
114,Gearalt,Billinge,gbillinge35@narod.ru,Polygender,United States,4665.7
115,Wallie,Boole,wboole36@dmoz.org,Female,United States,2527.0
116,Gunner,Stichel,gstichel37@e-recht24.de,Polygender,United States,7366.5
117,Knox,Mogra,kmogra38@w3.org,Female,United States,5253.7
118,Amabel,Rief,arief39@shutterfly.com,Polygender,Sri Lanka,4078.3
119,Talbert,Churly,tchurly3a@ca.gov,Non-binary,United States,5879.0
120,Gustav,Harrema,gharrema3b@t-online.de,Non-binary,United States,8793.7
121,Chandal,Christophers,cchristophers3c@berkeley.edu,Agender,United States,4809.6
122,Freddi,Haggis,fhaggis3d@icq.com,Agender,United States,5681.4
123,Adrianne,Platfoot,aplatfoot3e@sciencedaily.com,Non-binary,United States,8812.5
124,Philipa,Kunneke,pkunneke3f@disqus.com,Agender,United States,6238.0
125,Aggie,Scedall,ascedall3g@miitbeian.gov.cn,Genderqueer,Australia,6583.2
126,Jenni,Peascod,jpeascod3h@geocities.com,Male,United States,8734.8
127,Guss,Gresser,ggresser3i@forbes.com,Male,United States,8493.0
128,Lanae,Hinstock,lhinstock3j@tuttocitta.it,Genderfluid,United States,5198.3
129,Collete,Wimp,cwimp3k@nba.com,Bigender,United States,5456.3
130,James,Ruddlesden,jruddlesden3l@abc.net.au,Male,Australia,3218.3
131,Kacey,Ferencowicz,kferencowicz3m@patch.com,Genderqueer,United States,2531.7
132,Shirline,Strike,sstrike3n@rambler.ru,Non-binary,United States,8447.4
133,Ring,Montrose,rmontrose3o@printfriendly.com,Bigender,United States,9295.1
134,Roanne,Penning,rpenning3p@ucoz.ru,Genderfluid,United States,9079.4
135,Troy,Ayshford,tayshford3q@pagesperso-orange.fr,Genderfluid,United States,6594.3
136,Damian,Aymes,daymes3r@amazon.co.jp,Genderfluid,United States,4574.8
137,Quill,Robilliard,qrobilliard3s@pcworld.com,Male,United States,2987.1
138,Britt,D'Ruel,bdruel3t@google.co.uk,Genderqueer,Australia,5294.2
139,Anne-corinne,Lilleycrop,alilleycrop3u@usa.gov,Genderqueer,United States,6138.9
140,Myriam,Polo,mpolo3v@alibaba.com,Polygender,United States,7078.9
141,Fredra,Garahan,fgarahan3w@ca.gov,Polygender,United States,5570.5
142,Wendeline,Garrard,wgarrard3x@abc.net.au,Genderqueer,United States,5488.2
143,Merrill,Geroldi,mgeroldi3y@google.de,Female,United States,3939.3
144,Leoine,Lilion,llilion3z@joomla.org,Genderfluid,United States,5390.3
145,Merwin,Bottlestone,mbottlestone40@mtv.com,Bigender,United States,4082.1
146,Isahella,Lippiello,ilippiello41@trellian.com,Polygender,United States,9734.7
147,Lilllie,Dracey,ldracey42@bbc.co.uk,Bigender,United States,4630.8
148,Baxie,Rattenberie,brattenberie43@bigcartel.com,Genderfluid,United States,6025.9
149,Kit,Cosham,kcosham44@canalblog.com,Non-binary,United States,2691.3
150,Lindsay,Goldup,lgoldup45@wsj.com,Male,United States,7336.2
151,Betty,Reyna,breyna46@abc.net.au,Female,United States,4960.0
152,Rockey,Slisby,rslisby47@webnode.com,Non-binary,United States,4802.4
153,Tania,Croke,tcroke48@cafepress.com,Genderfluid,United States,5459.4
154,Rosina,Fawbert,rfawbert49@cornell.edu,Agender,United States,2582.9
155,Livia,Camelin,lcamelin4a@netscape.com,Polygender,United States,6411.5
156,Brana,Satterlee,bsatterlee4b@homestead.com,Non-binary,United States,4634.1
157,Conan,Instrell,cinstrell4c@ebay.com,Male,United States,3922.5
158,Tremain,Minchindon,tminchindon4d@amazon.com,Polygender,United States,9283.4
159,Nickie,Tortice,ntortice4e@wikispaces.com,Bigender,United States,9747.1
160,Edwina,Witch,ewitch4f@myspace.com,Male,United States,7427.4
161,Jephthah,Rossiter,jrossiter4g@goo.gl,Genderqueer,United States,6674.4
162,Gretta,MacVaugh,gmacvaugh4h@answers.com,Female,United States,8022.2
163,Florentia,Fernier,ffernier4i@nydailynews.com,Female,United States,8295.1
164,Dennis,Markus,dmarkus4j@macromedia.com,Male,Sri Lanka,5926.6
165,Billie,Carnson,bcarnson4k@paypal.com,Polygender,United States,3351.0
166,Ursula,Fitch,ufitch4l@weebly.com,Bigender,United States,4284.3
167,Glyn,Darrigone,gdarrigone4m@dot.gov,Male,United States,4447.9
168,Wyatt,Tille,wtille4n@apache.org,Non-binary,United States,9852.6
169,Britt,Brabender,bbrabender4o@cdbaby.com,Female,United States,3380.3
170,Carree,Hodge,chodge4p@miibeian.gov.cn,Male,United States,8314.4
171,Giffer,Cooney,gcooney4q@digg.com,Genderfluid,United States,4798.8
172,Doug,MacDougal,dmacdougal4r@comcast.net,Female,United States,4880.3
173,Stanton,Spirit,sspirit4s@blinklist.com,Agender,United States,6948.3
174,Silvan,Berrington,sberrington4t@mapquest.com,Agender,United States,2626.2
175,Ingeborg,Glennon,iglennon4u@meetup.com,Female,United States,4769.8
176,Peter,Brownrigg,pbrownrigg4v@stanford.edu,Polygender,United States,4413.9
177,Isidora,McGrann,imcgrann4w@google.com.hk,Polygender,United States,2737.0
178,Tedi,Fairfoot,tfairfoot4x@nbcnews.com,Polygender,United States,7851.0
179,Vere,Antoniutti,vantoniutti4y@dot.gov,Genderfluid,United States,7933.2
180,Nadeen,Kinze,nkinze4z@java.com,Bigender,United States,3029.3
181,Nike,Imlach,nimlach50@google.cn,Female,United States,5538.3
182,Fan,Huggen,fhuggen51@mayoclinic.com,Genderqueer,Sri Lanka,4695.8
183,Lonna,Maggill'Andreis,lmaggillandreis52@about.com,Genderfluid,United States,4438.3
184,Dacey,Tasseler,dtasseler53@intel.com,Polygender,United States,5688.4
185,Nat,Castanyer,ncastanyer54@guardian.co.uk,Genderfluid,Sri Lanka,4813.6
186,Leila,Petrescu,lpetrescu55@engadget.com,Agender,United States,3163.1
187,Abby,Franklen,afranklen56@g.co,Agender,United States,2986.5
188,Beryle,Breadon,bbreadon57@blogger.com,Bigender,Sri Lanka,9665.5
189,Eveline,Groven,egroven58@plala.or.jp,Male,United States,9410.1
190,Dedra,Jermy,djermy59@arizona.edu,Polygender,United States,7342.1
191,Brianne,Blann,bblann5a@so-net.ne.jp,Non-binary,United States,3558.0
192,Babette,Daglish,bdaglish5b@blogspot.com,Polygender,Sri Lanka,4500.0
193,Shep,Gatherer,sgatherer5c@theglobeandmail.com,Genderfluid,United States,7576.8
194,Guilbert,Hartfield,ghartfield5d@blogger.com,Male,United States,3562.4
195,Collette,Woolaghan,cwoolaghan5e@1und1.de,Female,United States,9905.1
196,Shurlock,Laxe,slaxe5f@163.com,Male,United States,3142.7
197,Estella,Lodwig,elodwig5g@dailymail.co.uk,Male,United States,2874.7
198,Jacqui,Congrave,jcongrave5h@businesswire.com,Genderqueer,United States,2551.4
199,Elsbeth,Kelston,ekelston5i@free.fr,Non-binary,Sri Lanka,2832.0
200,Erinna,Aaronsohn,eaaronsohn5j@cnn.com,Genderqueer,United States,3860.0
201,Binny,Heminsley,bheminsley5k@photobucket.com,Female,United States,3943.7
202,Janel,Vlasenko,jvlasenko5l@taobao.com,Genderqueer,United States,4251.5
203,Ranee,Bennington,rbennington5m@prlog.org,Female,United States,4277.1
204,Clemente,Edlestone,cedlestone5n@multiply.com,Non-binary,United States,5912.1
205,Bunnie,Gynne,bgynne5o@fastcompany.com,Bigender,United States,3268.4
206,Dacie,Piddock,dpiddock5p@huffingtonpost.com,Agender,United States,6682.0
207,Sherry,Morphew,smorphew5q@nba.com,Bigender,United States,4966.0
208,Irv,Burbage,iburbage5r@sciencedirect.com,Male,United States,9702.6
209,Ernaline,Abbe,eabbe5s@tripod.com,Genderqueer,United States,4820.0
210,Britta,Dubose,bdubose5t@ocn.ne.jp,Genderqueer,United States,7238.3
211,Mariska,Kedslie,mkedslie5u@cnbc.com,Bigender,United States,4365.8
212,Gabbey,Matuszyk,gmatuszyk5v@washington.edu,Non-binary,Sri Lanka,4266.4
213,Hamil,Got,hgot5w@hexun.com,Genderfluid,United States,3626.3
214,Brina,Gentric,bgentric5x@prlog.org,Non-binary,United States,5493.4
215,Harmonie,Gurr,hgurr5y@pbs.org,Genderfluid,United States,3106.1
216,Margarita,Brager,mbrager5z@yahoo.com,Polygender,United States,6922.7
217,Garrick,Soares,gsoares60@microsoft.com,Female,United States,8180.8
218,Balduin,Kolinsky,bkolinsky61@posterous.com,Bigender,United States,4543.3
219,Leo,Cooke,lcooke62@behance.net,Polygender,United States,5173.2
220,Carce,Quigg,cquigg63@technorati.com,Female,United States,8932.8
221,Halette,Bingle,hbingle64@wufoo.com,Agender,United States,4783.0
222,Janelle,Peiser,jpeiser65@123-reg.co.uk,Bigender,United States,4386.3
223,Ilyse,Fretwell,ifretwell66@wordpress.org,Female,United States,4344.5
224,Collete,Webb,cwebb67@mozilla.com,Genderqueer,United States,6452.3
225,Jodi,Lodge,jlodge68@yandex.ru,Male,United States,9248.4
226,Lotta,Manns,lmanns69@elpais.com,Agender,United States,9800.2
227,Filmer,Pendre,fpendre6a@sciencedaily.com,Non-binary,United States,8646.0
228,Else,Barnicott,ebarnicott6b@samsung.com,Female,Sri Lanka,4407.3
229,Garey,Schrinel,gschrinel6c@google.de,Female,United States,5973.4
230,Sharity,Storror,sstorror6d@goo.ne.jp,Genderqueer,United States,4389.8
231,Stanton,Frearson,sfrearson6e@xing.com,Genderfluid,United States,9777.7
232,Betteanne,Yurlov,byurlov6f@bigcartel.com,Male,United States,6663.4
233,Jecho,Absolem,jabsolem6g@elpais.com,Agender,United States,9482.6
234,Max,Skupinski,mskupinski6h@independent.co.uk,Female,United States,7613.3
235,Abdul,Leming,aleming6i@ask.com,Female,United States,9649.3
236,Jacob,Hardware,jhardware6j@apple.com,Male,United States,9705.7
237,Cosmo,Choldcroft,ccholdcroft6k@vk.com,Polygender,United States,3006.7
238,Quincy,Haimes,qhaimes6l@pinterest.com,Polygender,United States,5345.5
239,Richardo,Haveline,rhaveline6m@google.pl,Female,Sri Lanka,5289.7
240,Mahala,Putson,mputson6n@wsj.com,Non-binary,United States,9399.7
241,Tabby,Tilbury,ttilbury6o@upenn.edu,Genderfluid,United States,6333.3
242,Myrlene,Roswarn,mroswarn6p@timesonline.co.uk,Genderqueer,United States,7684.4
243,Kat,Gianninotti,kgianninotti6q@drupal.org,Agender,United States,3138.4
244,Errol,Kilroy,ekilroy6r@hostgator.com,Genderfluid,United States,2960.2
245,Fields,Glabach,fglabach6s@cnbc.com,Bigender,United States,6583.8
246,Brady,Briereton,bbriereton6t@chronoengine.com,Bigender,United States,7163.3
247,Rufus,Coller,rcoller6u@ucoz.ru,Polygender,Sri Lanka,7808.3
248,Wallie,Wharlton,wwharlton6v@nationalgeographic.com,Non-binary,United States,7687.4
249,Christen,Ramos,cramos6w@ezinearticles.com,Non-binary,United States,6691.1
250,Jessey,Wilding,jwilding6x@senate.gov,Non-binary,United States,5595.8
251,Dennis,Flott,dflott6y@engadget.com,Agender,United States,9742.4
252,Jelene,Thornton,jthornton6z@vinaora.com,Agender,United States,3558.2
253,Amalie,Burnage,aburnage70@imgur.com,Bigender,United States,5346.4
254,Boyd,Matitiaho,bmatitiaho71@bbc.co.uk,Male,United States,6299.8
255,Julina,Maidment,jmaidment72@sphinn.com,Genderqueer,United States,3539.2
256,Kelcy,Grout,kgrout73@elpais.com,Female,United States,6152.8
257,Millie,Youell,myouell74@behance.net,Agender,United States,9680.4
258,Jazmin,McOrkil,jmcorkil75@smugmug.com,Agender,United States,5359.2
259,Elmer,Giamuzzo,egiamuzzo76@foxnews.com,Polygender,United States,5651.1
260,Brittany,Garlicke,bgarlicke77@foxnews.com,Male,United States,2739.5
261,Quintin,Shrimplin,qshrimplin78@csmonitor.com,Bigender,United States,7956.0
262,Constantino,Champken,cchampken79@tumblr.com,Polygender,United States,9742.0
263,Terza,Crich,tcrich7a@ox.ac.uk,Genderqueer,United States,6236.8
264,Violet,Shopcott,vshopcott7b@goo.ne.jp,Genderfluid,United States,7745.6
265,Serena,Kerfod,skerfod7c@google.de,Female,United States,5407.7
266,Adriano,Beasant,abeasant7d@ca.gov,Female,United States,7047.3
267,Avrit,Berndt,aberndt7e@artisteer.com,Agender,United States,3861.9
268,Roch,Book,rbook7f@jugem.jp,Genderfluid,United States,7250.4
269,Laurice,Dahill,ldahill7g@twitpic.com,Genderqueer,United States,4804.1
270,Brynna,Tolcher,btolcher7h@un.org,Bigender,United States,4843.2
271,Blayne,Grzelczak,bgrzelczak7i@reverbnation.com,Polygender,United States,2676.9
272,Brenn,Gowenlock,bgowenlock7j@merriam-webster.com,Genderfluid,United States,4670.8
273,Frannie,Jerson,fjerson7k@elpais.com,Genderqueer,United States,4462.2
274,Lorene,Hampson,lhampson7l@typepad.com,Genderfluid,United States,7331.4
275,Eugene,Bourgeois,ebourgeois7m@slideshare.net,Genderqueer,United States,4988.4
276,Jim,Bruin,jbruin7n@rambler.ru,Female,United States,2799.7
277,Nari,Burgill,nburgill7o@storify.com,Bigender,United States,9565.6
278,Cecilius,Vlasenko,cvlasenko7p@discuz.net,Female,United States,9729.2
279,Ode,Benka,obenka7q@sphinn.com,Polygender,Australia,9324.9
280,Florette,Palle,fpalle7r@cloudflare.com,Non-binary,United States,4729.4
281,Isac,Etchell,ietchell7s@indiatimes.com,Genderqueer,United States,9764.0
282,Janina,Makey,jmakey7t@netlog.com,Genderfluid,United States,9423.4
283,Red,Khomin,rkhomin7u@networksolutions.com,Genderqueer,Australia,8980.8
284,Mortie,Thonger,mthonger7v@xrea.com,Genderfluid,United States,9994.6
285,Hakim,Dohmann,hdohmann7w@tmall.com,Genderqueer,United States,2907.7
286,Danya,Beaglehole,dbeaglehole7x@chronoengine.com,Genderfluid,United States,5488.2
287,Meredith,Fisby,mfisby7y@csmonitor.com,Non-binary,United States,3837.9
288,Dag,Bridden,dbridden7z@posterous.com,Agender,United States,7194.3
289,Indira,Caselick,icaselick80@samsung.com,Genderfluid,United States,3388.8
290,Sascha,Tivers,stivers81@dropbox.com,Genderqueer,Australia,6805.6
291,Gannon,Murtimer,gmurtimer82@live.com,Female,United States,5431.3
292,Valle,Todeo,vtodeo83@imgur.com,Agender,United States,7335.2
293,Nana,Hawkwood,nhawkwood84@salon.com,Male,United States,5918.6
294,Lina,Lanahan,llanahan85@fotki.com,Male,United States,5464.2
295,Sallyann,Speakman,sspeakman86@cbc.ca,Agender,United States,6570.7
296,Godfrey,Vinnicombe,gvinnicombe87@moonfruit.com,Polygender,Australia,8289.8
297,Eartha,McAllester,emcallester88@fastcompany.com,Bigender,Sri Lanka,5854.4
298,Noach,Bridie,nbridie89@photobucket.com,Male,United States,3813.9
299,Lynsey,Matzeitis,lmatzeitis8a@networkadvertising.org,Non-binary,Australia,3899.2
300,Ignazio,Aveyard,iaveyard8b@hexun.com,Male,United States,4015.1
301,Brandea,Ringe,bringe8c@diigo.com,Agender,United States,2732.7
302,Sonnie,Sissens,ssissens8d@berkeley.edu,Male,Australia,7113.5
303,Boone,Traite,btraite8e@nymag.com,Bigender,Australia,9933.1
304,Candide,Le Brum,clebrum8f@globo.com,Agender,United States,6708.3
305,Emile,Eouzan,eeouzan8g@plala.or.jp,Genderqueer,United States,6140.5
306,Paulie,Limeburn,plimeburn8h@bravesites.com,Genderfluid,Sri Lanka,3366.7
307,Teador,McSperrin,tmcsperrin8i@last.fm,Bigender,United States,9958.4
308,Averil,Armatage,aarmatage8j@youku.com,Agender,United States,8898.4
309,Jude,Putt,jputt8k@fc2.com,Polygender,United States,5928.7
310,Georges,Stuckow,gstuckow8l@bloomberg.com,Non-binary,United States,8711.8
311,Sean,Jewers,sjewers8m@feedburner.com,Genderqueer,United States,5929.5
312,Lilllie,Stocks,lstocks8n@wiley.com,Male,United States,7702.6
313,Ryun,Brunel,rbrunel8o@wikia.com,Male,United States,4772.0
314,Noam,Sucre,nsucre8p@noaa.gov,Genderfluid,United States,6533.7
315,Hinze,Broadbear,hbroadbear8q@reverbnation.com,Genderfluid,United States,5003.8
316,Dita,Keme,dkeme8r@nps.gov,Genderfluid,United States,7816.3
317,Alessandra,Delve,adelve8s@yandex.ru,Bigender,United States,6504.1
318,Earle,Bowerbank,ebowerbank8t@state.tx.us,Male,United States,8295.9
319,Zelma,Wiffen,zwiffen8u@domainmarket.com,Non-binary,United States,2890.2
320,Warren,Sher,wsher8v@de.vu,Bigender,United States,9072.4
321,Isidoro,Edwicker,iedwicker8w@marketwatch.com,Non-binary,United States,7446.2
322,Margeaux,Hallatt,mhallatt8x@cdbaby.com,Bigender,United States,4744.9
323,Vale,Kellert,vkellert8y@istockphoto.com,Polygender,Australia,4038.5
324,Babbette,Bettanay,bbettanay8z@theguardian.com,Genderqueer,United States,3118.6
325,Addison,Wallage,awallage90@youtu.be,Genderfluid,Sri Lanka,9971.3
326,Andreana,Jurkowski,ajurkowski91@discovery.com,Non-binary,United States,7725.3
327,Keenan,Brandin,kbrandin92@de.vu,Male,United States,4105.4
328,Lotty,Murley,lmurley93@psu.edu,Polygender,United States,4860.8
329,Darwin,Rennick,drennick94@arstechnica.com,Agender,United States,9064.9
330,Murvyn,Mulroy,mmulroy95@liveinternet.ru,Female,United States,7113.7
331,Yankee,Fawloe,yfawloe96@cocolog-nifty.com,Male,United States,6197.1
332,Petunia,Tomaszewski,ptomaszewski97@latimes.com,Non-binary,United States,3379.0
333,Reeva,Parken,rparken98@cocolog-nifty.com,Genderfluid,United States,6158.6
334,Ammamaria,Swinburn,aswinburn99@springer.com,Genderqueer,United States,8763.9
335,Smith,Willoughley,swilloughley9a@icq.com,Genderfluid,United States,7583.8
336,Reba,Feeney,rfeeney9b@studiopress.com,Genderqueer,United States,8561.6
337,Jacinta,Martinetto,jmartinetto9c@telegraph.co.uk,Agender,United States,6347.8
338,Ellen,Ronca,eronca9d@slate.com,Male,United States,8649.6
339,Karina,Milmo,kmilmo9e@elpais.com,Bigender,United States,8444.4
340,Keelby,Dellenty,kdellenty9f@eepurl.com,Female,United States,7885.5
341,Elora,Byway,ebyway9g@foxnews.com,Polygender,United States,4819.7
342,Ibrahim,Sanger,isanger9h@nba.com,Genderqueer,United States,5533.2
343,Stacia,Oyley,soyley9i@usatoday.com,Polygender,United States,4340.4
344,Kendre,Miebes,kmiebes9j@psu.edu,Polygender,Australia,7324.3
345,Melisenda,Balnaves,mbalnaves9k@posterous.com,Agender,United States,6867.3
346,Westbrooke,Steadman,wsteadman9l@bloomberg.com,Genderqueer,United States,5333.1
347,Sile,Bogart,sbogart9m@sina.com.cn,Genderfluid,United States,6479.9
348,Idelle,Matussevich,imatussevich9n@slate.com,Genderfluid,United States,9862.0
349,Antonio,Crolly,acrolly9o@accuweather.com,Polygender,United States,7057.2
350,Elsinore,Janoch,ejanoch9p@nsw.gov.au,Genderqueer,United States,4718.2
351,Rosabelle,Raft,rraft9q@seesaa.net,Polygender,United States,4406.3
352,Cesaro,Grodden,cgrodden9r@tuttocitta.it,Genderfluid,United States,5585.4
353,Suellen,Ozanne,sozanne9s@whitehouse.gov,Polygender,Sri Lanka,6150.7
354,Gennie,Strudwick,gstrudwick9t@bloomberg.com,Female,United States,6971.7
355,Waldon,Armfirld,warmfirld9u@who.int,Male,United States,5006.7
356,Shirley,Southall,ssouthall9v@senate.gov,Bigender,Sri Lanka,9478.5
357,Kathryne,Forth,kforth9w@nsw.gov.au,Genderfluid,United States,8542.8
358,Joanna,Begley,jbegley9x@pinterest.com,Bigender,United States,7997.2
359,Lonni,Langcaster,llangcaster9y@alexa.com,Genderqueer,United States,6658.4
360,Opalina,Malan,omalan9z@diigo.com,Non-binary,United States,7211.3
361,Gretta,Durtnel,gdurtnela0@sina.com.cn,Bigender,United States,2752.1
362,Town,Leaf,tleafa1@google.co.uk,Polygender,United States,5795.9
363,Jesse,Kopacek,jkopaceka2@bluehost.com,Female,United States,6565.2
364,Dallas,Thrustle,dthrustlea3@chronoengine.com,Genderqueer,United States,9053.1
365,Grantley,Demann,gdemanna4@aol.com,Agender,United States,9964.8
366,Mirilla,Currum,mcurruma5@friendfeed.com,Genderfluid,United States,4889.5
367,Crissie,Jerzak,cjerzaka6@creativecommons.org,Bigender,United States,3385.5
368,Salomone,Southcomb,ssouthcomba7@opera.com,Non-binary,United States,7676.2
369,Warden,Stoacley,wstoacleya8@hostgator.com,Agender,United States,8801.1
370,Culver,Bhar,cbhara9@google.pl,Female,United States,4373.8
371,Liane,Aliberti,lalibertiaa@alibaba.com,Genderqueer,United States,4560.7
372,Lewie,Dwyr,ldwyrab@ameblo.jp,Bigender,United States,2885.7
373,Demott,Saben,dsabenac@vistaprint.com,Agender,United States,9538.5
374,Bonita,Dat,bdatad@intel.com,Male,United States,2705.9
375,Charmaine,Wigsell,cwigsellae@is.gd,Genderqueer,United States,9781.5
376,Sonnie,Cretney,scretneyaf@blogs.com,Non-binary,United States,3405.0
377,Lonni,Bulgen,lbulgenag@tamu.edu,Genderqueer,United States,8990.3
378,Warren,Ambrose,wambroseah@msu.edu,Genderqueer,United States,4242.2
379,Karlis,Beade,kbeadeai@archive.org,Female,Sri Lanka,6598.6
380,Damian,Moncey,dmonceyaj@jimdo.com,Male,United States,5854.1
381,Cecil,Renvoise,crenvoiseak@youtube.com,Male,United States,7686.0
382,Alla,Inggall,ainggallal@trellian.com,Non-binary,United States,7630.1
383,Louisa,Seiffert,lseiffertam@comcast.net,Male,United States,3386.4
384,Arnuad,Eldershaw,aeldershawan@themeforest.net,Non-binary,United States,9346.8
385,Elianore,Luter,eluterao@cbc.ca,Agender,Sri Lanka,9637.0
386,Corbie,Lowrey,clowreyap@bloglovin.com,Genderfluid,United States,6930.6
387,Odelinda,Caveney,ocaveneyaq@51.la,Male,United States,4014.5
388,Angie,Prince,aprincear@wikispaces.com,Genderfluid,United States,4600.6
389,Babbie,Lovatt,blovattas@slideshare.net,Male,United States,6422.3
390,Hersch,Mouncher,hmouncherat@tiny.cc,Bigender,United States,9936.0
391,Jayne,Dilworth,jdilworthau@godaddy.com,Genderqueer,United States,3514.1
392,Idaline,Jagson,ijagsonav@wordpress.org,Male,United States,4069.4
393,Lyssa,Credland,lcredlandaw@hatena.ne.jp,Male,Sri Lanka,5599.0
394,Leeland,O'Shirine,loshirineax@cocolog-nifty.com,Male,United States,9168.5
395,De,Artindale,dartindaleay@vkontakte.ru,Male,United States,2781.1
396,Theadora,Pogson,tpogsonaz@bbb.org,Non-binary,United States,8338.4
397,Nolan,Grizard,ngrizardb0@foxnews.com,Genderfluid,United States,7720.9
398,Hewet,Hawkes,hhawkesb1@naver.com,Non-binary,United States,5238.8
399,Shayne,Castagnaro,scastagnarob2@hubpages.com,Polygender,United States,7152.2
400,Valeda,Stenton,vstentonb3@abc.net.au,Polygender,United States,7997.6
401,Jaynell,Longdon,jlongdonb4@nbcnews.com,Agender,United States,8459.7
402,Haley,Lancashire,hlancashireb5@bbc.co.uk,Agender,United States,2617.2
403,Rickard,Monard,rmonardb6@ezinearticles.com,Genderfluid,United States,7007.5
404,Meier,Paal,mpaalb7@storify.com,Bigender,United States,9874.2
405,Yehudit,Sloy,ysloyb8@w3.org,Male,United States,8316.3
406,Appolonia,Glanz,aglanzb9@chicagotribune.com,Genderfluid,United States,8153.3
407,Isahella,Maruska,imaruskaba@photobucket.com,Male,United States,8482.1
408,Althea,Gini,aginibb@hubpages.com,Polygender,United States,6336.0
409,Walliw,Sabates,wsabatesbc@hao123.com,Genderfluid,United States,5179.4
410,Rosalie,Body,rbodybd@mit.edu,Non-binary,United States,3050.5
411,Waylen,Castel,wcastelbe@pagesperso-orange.fr,Polygender,United States,8931.5
412,Danielle,Plomer,dplomerbf@japanpost.jp,Bigender,United States,7493.2
413,Mag,Wildor,mwildorbg@xrea.com,Genderqueer,United States,9559.0
414,Francesco,Veltmann,fveltmannbh@squidoo.com,Polygender,United States,7150.9
415,Ariela,Fippe,afippebi@goodreads.com,Non-binary,United States,2553.1
416,Inger,Cran,icranbj@quantcast.com,Male,Sri Lanka,3412.4
417,Jolie,McGeachy,jmcgeachybk@noaa.gov,Genderfluid,United States,7814.2
418,Katherine,Wallege,kwallegebl@harvard.edu,Bigender,United States,8589.1
419,Liesa,Whoston,lwhostonbm@scientificamerican.com,Female,United States,8398.6
420,Mechelle,Dunkerton,mdunkertonbn@un.org,Polygender,United States,8223.5
421,Cyndi,Eckery,ceckerybo@gnu.org,Genderfluid,United States,9930.6
422,Federico,Pitone,fpitonebp@slideshare.net,Genderfluid,United States,9587.2
423,Cash,Wale,cwalebq@utexas.edu,Male,United States,4842.7
424,Nissa,Gullick,ngullickbr@shop-pro.jp,Bigender,India,6706.0
425,Sutherlan,Slessar,sslessarbs@4shared.com,Agender,United States,8607.8
426,Lynnelle,Sloyan,lsloyanbt@pbs.org,Bigender,Sri Lanka,9549.0
427,Jerrylee,Perse,jpersebu@economist.com,Bigender,United States,3647.4
428,Kettie,Lockett,klockettbv@europa.eu,Bigender,United States,4287.1
429,Anthea,Lycett,alycettbw@cdc.gov,Polygender,United States,9899.2
430,Myriam,Byers,mbyersbx@histats.com,Genderqueer,United States,8207.8
431,Alasdair,Ramirez,aramirezby@qq.com,Agender,United States,9369.1
432,Sacha,Lafontaine,slafontainebz@loc.gov,Genderqueer,United States,4593.1
433,Conrado,Antushev,cantushevc0@howstuffworks.com,Agender,United States,8524.2
434,Sanson,Cowpertwait,scowpertwaitc1@photobucket.com,Agender,Sri Lanka,9996.1
435,Maison,Manthroppe,mmanthroppec2@smh.com.au,Bigender,United States,7942.2
436,Roxane,Westover,rwestoverc3@blinklist.com,Agender,United States,7281.3
437,Bethany,Strattan,bstrattanc4@sourceforge.net,Polygender,United States,4072.4
438,Lacie,Grollmann,lgrollmannc5@spiegel.de,Non-binary,United States,8676.6
439,Lucine,Rucklesse,lrucklessec6@weather.com,Non-binary,United States,3877.8
440,Cash,Everex,ceverexc7@amazon.co.uk,Non-binary,United States,8885.3
441,Scotty,Ginnety,sginnetyc8@sogou.com,Genderqueer,United States,9971.9
442,Flora,McMickan,fmcmickanc9@seattletimes.com,Female,United States,3345.4
443,Electra,Lehrahan,elehrahanca@ed.gov,Male,United States,7634.1
444,Beniamino,Kenset,bkensetcb@oakley.com,Female,United States,3566.8
445,Marlon,Priddis,mpriddiscc@techcrunch.com,Male,United States,5107.6
446,Charin,Behrens,cbehrenscd@walmart.com,Agender,United States,6167.5
447,Rey,Habberjam,rhabberjamce@smh.com.au,Female,United States,5441.0
448,Shalne,Cousins,scousinscf@si.edu,Female,United States,8268.4
449,Kattie,Elstone,kelstonecg@sphinn.com,Agender,United States,7732.0
450,Carline,Breckwell,cbreckwellch@amazon.co.jp,Non-binary,Sri Lanka,6522.3
451,Kinny,Pierton,kpiertonci@cisco.com,Non-binary,United States,5988.9
452,Mikey,Haney,mhaneycj@wikipedia.org,Female,United States,4818.4
453,Karen,Henriquet,khenriquetck@admin.ch,Agender,United States,8934.6
454,Leanora,Hamm,lhammcl@last.fm,Genderqueer,United States,8132.5
455,Saba,Ruffler,srufflercm@paypal.com,Agender,United States,6737.3
456,Cammi,Garbott,cgarbottcn@last.fm,Female,United States,6784.7
457,Alissa,McCarver,amccarverco@unesco.org,Male,United States,6980.5
458,Sumner,Gilhouley,sgilhouleycp@1688.com,Agender,United States,6476.4
459,Gipsy,Brownsworth,gbrownsworthcq@wikia.com,Genderfluid,United States,9653.3
460,Laina,Cheevers,lcheeverscr@miitbeian.gov.cn,Agender,United States,3787.5
461,Ariadne,Paler,apalercs@merriam-webster.com,Non-binary,United States,7387.2
462,Grata,Dohmann,gdohmannct@smh.com.au,Bigender,United States,5575.6
463,Briana,Kornyshev,bkornyshevcu@opensource.org,Genderfluid,United States,5633.6
464,Nadiya,Eliet,nelietcv@de.vu,Bigender,United States,7603.3
465,Dinny,Sibley,dsibleycw@live.com,Genderfluid,United States,6624.1
466,Murielle,Truwert,mtruwertcx@jimdo.com,Agender,United States,9647.1
467,Lorri,Bunning,lbunningcy@4shared.com,Polygender,United States,7241.8
468,Arturo,Carle,acarlecz@ibm.com,Male,United States,5198.1
469,Burnard,Orpyne,borpyned0@4shared.com,Bigender,Sri Lanka,6290.4
470,Louise,Grange,lgranged1@about.com,Genderqueer,United States,8094.2
471,Mildrid,Ruxton,mruxtond2@weibo.com,Non-binary,United States,8716.0
472,Odo,Baytrop,obaytropd3@microsoft.com,Agender,United States,9812.1
473,Jeri,Ware,jwared4@huffingtonpost.com,Genderqueer,United States,6767.8
474,Demetris,Wasiel,dwasield5@census.gov,Bigender,United States,7094.9
475,Victoria,Lillecrop,vlillecropd6@ehow.com,Agender,United States,8550.2
476,Alic,Hallmark,ahallmarkd7@economist.com,Male,United States,6786.7
477,Almira,Hebditch,ahebditchd8@sciencedirect.com,Male,United States,8144.9
478,Dene,Benting,dbentingd9@delicious.com,Agender,United States,3510.8
479,Casie,March,cmarchda@unblog.fr,Bigender,United States,4774.5
480,Mureil,Mucklow,mmucklowdb@examiner.com,Male,United States,5051.2
481,Cosmo,Corcoran,ccorcorandc@nasa.gov,Female,United States,7575.2
482,Nonie,Kincla,nkincladd@imageshack.us,Polygender,United States,5709.7
483,Teresina,Sclater,tsclaterde@google.it,Genderqueer,United States,8145.7
484,Bordie,Gherarducci,bgherarduccidf@webmd.com,Genderqueer,United States,9862.5
485,Kerri,Fleg,kflegdg@irs.gov,Non-binary,Sri Lanka,4921.6
486,Bernie,Simmonett,bsimmonettdh@fastcompany.com,Agender,United States,9403.4
487,Lissi,Dineges,ldinegesdi@hp.com,Genderqueer,United States,7323.1
488,Josee,Roderham,jroderhamdj@rakuten.co.jp,Male,United States,2902.7
489,Corie,Whawell,cwhawelldk@shop-pro.jp,Genderqueer,United States,4916.6
490,Pooh,Creyke,pcreykedl@blogs.com,Non-binary,United States,9115.2
491,Blanch,Hodgins,bhodginsdm@plala.or.jp,Genderfluid,United States,8082.8
492,Moina,Cartmill,mcartmilldn@bizjournals.com,Genderfluid,United States,7986.7
493,Shadow,Hammerich,shammerichdo@elegantthemes.com,Genderfluid,United States,5760.7
494,Rae,O' Mulderrig,romulderrigdp@webs.com,Agender,United States,7578.5
495,Modestine,Duckers,mduckersdq@hao123.com,Bigender,United States,4218.3
496,Willy,Elmhirst,welmhirstdr@ow.ly,Bigender,Sri Lanka,3717.5
497,Lurleen,Andrelli,landrellids@over-blog.com,Bigender,United States,9503.2
498,Oliy,Dupoy,odupoydt@list-manage.com,Male,United States,7056.6
499,Darb,Fishleigh,dfishleighdu@hp.com,Male,United States,4359.8
500,Dani,Slatford,dslatforddv@amazon.com,Agender,United States,8939.5
501,Dalton,Najera,dnajeradw@naver.com,Bigender,United States,8494.8
502,Filbert,Pryor,fpryordx@businesswire.com,Polygender,United States,3408.3
503,Carter,Mcasparan,cmcasparandy@ihg.com,Female,United States,4400.7
504,Linn,Dabney,ldabneydz@webeden.co.uk,Genderqueer,United States,3684.0
505,Essie,Hans,ehanse0@gnu.org,Non-binary,United States,7452.1
506,Diena,Wanstall,dwanstalle1@usda.gov,Female,Sri Lanka,5813.5
507,Carl,Bridgstock,cbridgstocke2@buzzfeed.com,Agender,United States,3533.5
508,Madelle,Keveren,mkeverene3@mac.com,Female,United States,5548.2
509,Noam,Errington,nerringtone4@digg.com,Genderqueer,United States,4909.9
510,Fairfax,Gurnee,fgurneee5@google.fr,Female,United States,8509.5
511,Jeni,Caccavella,jcaccavellae6@tripadvisor.com,Agender,United States,2822.8
512,Valera,Whild,vwhilde7@vistaprint.com,Male,United States,8680.5
513,Claudie,Bichener,cbichenere8@loc.gov,Female,United States,9901.2
514,Hurley,Gregorio,hgregorioe9@howstuffworks.com,Polygender,United States,7690.3
515,Thelma,Struther,tstrutherea@cbsnews.com,Polygender,United States,6092.9
516,Melisa,Kienl,mkienleb@rambler.ru,Polygender,United States,8336.1
517,Zonda,Fidgin,zfidginec@sphinn.com,Agender,United States,3743.8
518,Sebastian,Vala,svalaed@walmart.com,Female,United States,6599.3
519,Cornall,Speares,cspearesee@squarespace.com,Agender,United States,9881.0
520,Kaye,Dana,kdanaef@census.gov,Genderfluid,United States,9900.1
521,Verena,Mewes,vmeweseg@hhs.gov,Male,United States,9884.9
522,Allin,Prendeville,aprendevilleeh@engadget.com,Non-binary,United States,7418.5
523,Justinn,Binnion,jbinnionei@wix.com,Agender,United States,7298.8
524,Linnie,McKniely,lmcknielyej@disqus.com,Female,Sri Lanka,5080.4
525,Julissa,Kinkade,jkinkadeek@jiathis.com,Female,Sri Lanka,5068.8
526,Boote,Magwood,bmagwoodel@odnoklassniki.ru,Male,United States,9446.3
527,Hailee,Caplan,hcaplanem@vkontakte.ru,Female,United States,9446.0
528,Libby,Springham,lspringhamen@hatena.ne.jp,Non-binary,United States,6068.1
529,Ezmeralda,Cowe,ecoweeo@bizjournals.com,Genderfluid,United States,4012.3
530,Allie,Lessmare,alessmareep@sina.com.cn,Female,United States,7474.5
531,Rica,Samuel,rsamueleq@bbc.co.uk,Genderqueer,United States,8242.3
532,Ivy,Kemitt,ikemitter@fc2.com,Agender,United States,6375.6
533,Zonnya,Barnwill,zbarnwilles@eepurl.com,Non-binary,United States,5510.5
534,Shurlock,Ride,srideet@parallels.com,Male,United States,6594.1
535,Bern,Craddy,bcraddyeu@paypal.com,Genderfluid,United States,5565.3
536,Carey,Castard,ccastardev@psu.edu,Polygender,Sri Lanka,3054.3
537,Rhianon,Enns,rennsew@google.ca,Female,Sri Lanka,9591.9
538,Faye,Geertz,fgeertzex@mlb.com,Genderqueer,United States,3939.0
539,Job,Petrozzi,jpetrozziey@apache.org,Genderfluid,United States,3955.6
540,Cherise,Frenzl,cfrenzlez@unblog.fr,Polygender,United States,3174.0
541,Britte,Castagnone,bcastagnonef0@google.nl,Non-binary,United States,5276.4
542,Jeremie,Nannini,jnanninif1@mozilla.com,Female,United States,6113.7
543,Der,Lahiff,dlahifff2@blog.com,Female,United States,4658.1
544,Dannel,Alexandrou,dalexandrouf3@comsenz.com,Genderqueer,Australia,8433.4
545,Heida,Wittleton,hwittletonf4@sfgate.com,Genderqueer,United States,6427.2
546,Tana,Barth,tbarthf5@imageshack.us,Non-binary,United States,8858.3
547,Florida,Sculpher,fsculpherf6@harvard.edu,Female,United States,7731.9
548,Milli,Newitt,mnewittf7@twitter.com,Genderqueer,Sri Lanka,8933.4
549,Phelia,Easom,peasomf8@altervista.org,Genderfluid,United States,3715.1
550,Carole,Aspin,caspinf9@over-blog.com,Bigender,United States,7222.2
551,Brittney,Gini,bginifa@exblog.jp,Polygender,United States,9546.8
552,Daffie,Spera,dsperafb@ifeng.com,Genderqueer,United States,6696.5
553,Jordan,Brandli,jbrandlifc@ebay.com,Female,United States,8212.0
554,Aguste,Egdell,aegdellfd@army.mil,Female,United States,3217.2
555,Edna,Watkins,ewatkinsfe@cnn.com,Bigender,United States,7601.4
556,Loren,Simonyi,lsimonyiff@artisteer.com,Agender,United States,3280.2
557,Mikaela,Gilbey,mgilbeyfg@pbs.org,Polygender,United States,5196.3
558,Michelle,Bruni,mbrunifh@sakura.ne.jp,Genderqueer,United States,3533.9
559,Donny,Rowsel,drowselfi@sina.com.cn,Agender,United States,6089.5
560,Orly,Saines,osainesfj@spiegel.de,Non-binary,United States,7288.1
561,Burch,Ragat,bragatfk@yellowbook.com,Bigender,United States,2640.3
562,Lily,Ondrus,londrusfl@latimes.com,Male,Sri Lanka,9480.2
563,Zara,Toping,ztopingfm@ebay.com,Agender,United States,9611.3
564,Lorrie,Collete,lcolletefn@zimbio.com,Agender,Australia,3991.9
565,Stacee,Maurice,smauricefo@surveymonkey.com,Female,United States,6886.3
566,Ase,Jenney,ajenneyfp@unicef.org,Genderqueer,United States,4562.8
567,Bertine,Batey,bbateyfq@ameblo.jp,Male,United States,4186.4
568,Kinsley,Plet,kpletfr@thetimes.co.uk,Non-binary,United States,3486.7
569,Mahalia,Dodshon,mdodshonfs@jimdo.com,Genderqueer,United States,9502.4
570,Creight,Mardle,cmardleft@linkedin.com,Non-binary,Sri Lanka,2893.7
571,Aaron,Lapides,alapidesfu@meetup.com,Genderqueer,United States,7601.8
572,Leia,Tant,ltantfv@fotki.com,Bigender,United States,3285.0
573,Phelia,Asche,paschefw@fda.gov,Bigender,United States,8608.5
574,Valencia,Grayley,vgrayleyfx@yahoo.co.jp,Bigender,United States,7255.2
575,Dacie,Scutching,dscutchingfy@biglobe.ne.jp,Polygender,United States,4971.8
576,Chlo,Oganesian,coganesianfz@yandex.ru,Male,United States,3263.1
577,Deonne,Peever,dpeeverg0@bravesites.com,Female,United States,7874.7
578,Bartlett,Jesse,bjesseg1@aboutads.info,Male,United States,3879.0
579,Demetrius,Arenson,darensong2@latimes.com,Agender,United States,7043.9
580,Pietro,Gehrtz,pgehrtzg3@usda.gov,Bigender,Sri Lanka,6560.9
581,Klara,Willmott,kwillmottg4@fastcompany.com,Polygender,United States,7371.4
582,Brooke,Rigard,brigardg5@people.com.cn,Polygender,United States,5193.5
583,Elga,Alten,ealteng6@independent.co.uk,Polygender,United States,7866.9
584,Darcey,Callery,dcalleryg7@timesonline.co.uk,Genderqueer,United States,2762.5
585,Evania,Gordge,egordgeg8@artisteer.com,Bigender,United States,9526.4
586,Rad,Geke,rgekeg9@networkadvertising.org,Non-binary,United States,5295.2
587,Philippe,Kybert,pkybertga@paginegialle.it,Genderfluid,United States,8441.7
588,Clareta,Banishevitz,cbanishevitzgb@dot.gov,Polygender,United States,5014.8
589,Homer,Ditchett,hditchettgc@ucla.edu,Genderqueer,United States,9518.6
590,Dick,Coats,dcoatsgd@xrea.com,Bigender,Australia,5939.2
591,Colman,Quincee,cquinceege@tripadvisor.com,Genderqueer,United States,5332.1
592,Donni,Bulter,dbultergf@scribd.com,Female,United States,5353.8
593,Nat,Presser,npressergg@china.com.cn,Genderqueer,United States,7884.2
594,Ginnifer,Nevill,gnevillgh@ihg.com,Polygender,United States,8598.7
595,Isac,Pont,ipontgi@addthis.com,Agender,United States,5005.0
596,Una,McLaggan,umclaggangj@fc2.com,Non-binary,United States,2661.8
597,Norman,Gori,ngorigk@wisc.edu,Bigender,United States,4395.9
598,Blanch,Buye,bbuyegl@yahoo.com,Non-binary,United States,9350.4
599,Kendall,Vreede,kvreedegm@sbwire.com,Genderfluid,United States,4697.4
600,Pietrek,Caddens,pcaddensgn@hatena.ne.jp,Bigender,United States,6698.5
601,Arni,Short,ashortgo@home.pl,Bigender,United States,5001.4
602,Tallia,Leggott,tleggottgp@nps.gov,Polygender,United States,3741.0
603,Raffarty,Fincken,rfinckengq@example.com,Non-binary,United States,2607.2
604,Tiphani,Matejovsky,tmatejovskygr@noaa.gov,Bigender,United States,4782.7
605,Timothee,Purton,tpurtongs@army.mil,Agender,United States,7846.8
606,Renard,Toopin,rtoopingt@tripod.com,Non-binary,United States,8073.9
607,Audre,Powelee,apoweleegu@upenn.edu,Non-binary,United States,9533.4
608,Artie,Robardley,arobardleygv@altervista.org,Bigender,United States,9679.1
609,Ashleigh,Giovanni,agiovannigw@prweb.com,Non-binary,Sri Lanka,8298.0
610,Fenelia,Dikelin,fdikelingx@amazon.com,Polygender,United States,5924.1
611,Nita,Keniwell,nkeniwellgy@facebook.com,Bigender,United States,5268.1
612,Kore,Keningley,kkeningleygz@goo.gl,Genderfluid,United States,5729.3
613,Peterus,Revie,previeh0@ibm.com,Agender,United States,8000.5
614,Heidi,Orsay,horsayh1@ameblo.jp,Non-binary,United States,9184.7
615,Rodolph,Cuardall,rcuardallh2@walmart.com,Non-binary,United States,7155.2
616,Lucho,Anthonsen,lanthonsenh3@jigsy.com,Genderfluid,United States,4886.1
617,Lizabeth,Halfacre,lhalfacreh4@delicious.com,Male,Sri Lanka,5863.4
618,Briano,Gilby,bgilbyh5@google.cn,Female,United States,7398.5
619,Darrel,Georgins,dgeorginsh6@scribd.com,Female,United States,9044.5
620,Rossy,Westnedge,rwestnedgeh7@last.fm,Agender,United States,6380.0
621,Genvieve,De Lisle,gdelisleh8@google.de,Genderqueer,United States,6649.1
622,Ibbie,Tilly,itillyh9@gmpg.org,Genderfluid,United States,9578.8
623,Kara-lynn,Coard,kcoardha@prweb.com,Genderfluid,United States,3581.3
624,Clementine,Golledge,cgolledgehb@tinypic.com,Genderfluid,United States,8714.5
625,Harli,Swidenbank,hswidenbankhc@columbia.edu,Genderfluid,United States,5514.9
626,Manya,Matkovic,mmatkovichd@salon.com,Female,United States,6519.2
627,Mavra,Horsburgh,mhorsburghhe@aol.com,Genderfluid,United States,6986.4
628,Gratia,Riley,grileyhf@huffingtonpost.com,Bigender,United States,7677.7
629,Anderson,Hegdonne,ahegdonnehg@vkontakte.ru,Non-binary,United States,2620.1
630,Ethe,Bradburn,ebradburnhh@parallels.com,Genderfluid,Australia,3461.4
631,Kirk,Webby,kwebbyhi@over-blog.com,Genderfluid,United States,5135.0
632,Eberhard,Igglesden,eigglesdenhj@sourceforge.net,Genderfluid,United States,3365.0
633,Ed,Heap,eheaphk@arizona.edu,Female,United States,5482.4
634,Jud,Haugh,jhaughhl@sphinn.com,Female,United States,6825.8
635,Billie,Elsbury,belsburyhm@accuweather.com,Genderfluid,United States,6535.9
636,Robbyn,Trippitt,rtrippitthn@etsy.com,Genderfluid,United States,5305.8
637,Cull,Howes,chowesho@biglobe.ne.jp,Genderqueer,United States,5936.3
638,Waite,Aizikovitz,waizikovitzhp@alibaba.com,Female,United States,6385.8
639,Merwyn,Osmond,mosmondhq@china.com.cn,Agender,United States,5637.7
640,Curtice,Coldbreath,ccoldbreathhr@blogger.com,Genderfluid,United States,7972.3
641,Annis,Zebedee,azebedeehs@businessweek.com,Female,United States,4846.1
642,Niels,Smallpeace,nsmallpeaceht@ocn.ne.jp,Genderfluid,United States,4476.9
643,Christian,Laweles,claweleshu@toplist.cz,Male,United States,8160.8
644,Linette,Witard,lwitardhv@joomla.org,Genderfluid,United States,8258.2
645,Tamarah,Soughton,tsoughtonhw@elegantthemes.com,Female,United States,3288.3
646,Yelena,Isitt,yisitthx@stanford.edu,Polygender,Australia,4851.5
647,Cori,Cawthron,ccawthronhy@tiny.cc,Female,United States,2506.0
648,Ky,Kail,kkailhz@mozilla.org,Polygender,United States,9055.7
649,Kathryne,Lorkins,klorkinsi0@360.cn,Bigender,United States,4069.8
650,Carol,Critchell,ccritchelli1@unblog.fr,Female,United States,5133.5
651,Melony,Laux,mlauxi2@mozilla.com,Male,United States,9548.5
652,Latrena,Shanklin,lshanklini3@qq.com,Polygender,Sri Lanka,8501.2
653,Diahann,Bassingham,dbassinghami4@patch.com,Genderqueer,United States,4804.3
654,Isa,Rushford,irushfordi5@quantcast.com,Genderfluid,United States,7654.9
655,Zane,Struthers,zstruthersi6@merriam-webster.com,Polygender,United States,9075.7
656,Augustus,Shear,asheari7@jalbum.net,Agender,United States,5940.4
657,Daniele,Guilayn,dguilayni8@wikia.com,Genderfluid,United States,6060.9
658,Silas,Braham,sbrahami9@comsenz.com,Genderqueer,United States,3805.5
659,Dame,Vescovini,dvescoviniia@answers.com,Genderqueer,United States,9700.2
660,Morton,Tondeur,mtondeurib@sciencedirect.com,Agender,Sri Lanka,5993.9
661,Fredric,de Marco,fdemarcoic@tripod.com,Genderfluid,United States,7641.2
662,Goran,Matovic,gmatovicid@biblegateway.com,Genderqueer,United States,6103.8
663,Ernesto,De Giorgis,edegiorgisie@liveinternet.ru,Male,United States,8797.4
664,Bianca,Lazenby,blazenbyif@microsoft.com,Genderfluid,United States,3085.9
665,Mandel,Grassett,mgrassettig@wordpress.org,Agender,United States,8737.0
666,Veronike,Lytell,vlytellih@joomla.org,Genderfluid,United States,3582.3
667,Adrea,Lawerence,alawerenceii@bloomberg.com,Male,Australia,8272.6
668,Izaak,Sindall,isindallij@mapquest.com,Non-binary,United States,6279.5
669,Sansone,Jervois,sjervoisik@altervista.org,Polygender,United States,4577.1
670,Marni,Cringle,mcringleil@accuweather.com,Agender,United States,6045.2
671,Geno,Jenno,gjennoim@ameblo.jp,Genderfluid,United States,5974.6
672,Caddric,Edkins,cedkinsin@angelfire.com,Female,United States,9220.0
673,Hannis,Quinsee,hquinseeio@360.cn,Bigender,United States,7429.7
674,Ashbey,Fewings,afewingsip@hhs.gov,Bigender,United States,3993.2
675,Shayne,Galland,sgallandiq@sciencedirect.com,Agender,United States,3896.2
676,Kathe,Pitkethly,kpitkethlyir@wufoo.com,Agender,United States,8057.7
677,Christopher,Keppy,ckeppyis@cpanel.net,Polygender,United States,3052.1
678,Shaylah,Bussen,sbussenit@php.net,Genderqueer,United States,4205.1
679,Ketti,Cobon,kcoboniu@yelp.com,Non-binary,United States,6419.3
680,Demetri,Joder,djoderiv@virginia.edu,Non-binary,United States,9592.3
681,Moyna,Theakston,mtheakstoniw@slideshare.net,Female,United States,3200.0
682,Gusty,Pavlov,gpavlovix@eventbrite.com,Female,United States,4095.0
683,Grata,O'Looney,golooneyiy@dedecms.com,Genderfluid,United States,4846.8
684,Tibold,Esparza,tesparzaiz@aboutads.info,Bigender,United States,7320.6
685,Cybil,Darben,cdarbenj0@friendfeed.com,Genderqueer,United States,5338.9
686,Libbi,Szwandt,lszwandtj1@taobao.com,Female,United States,8429.8
687,Ethe,Tankus,etankusj2@squidoo.com,Agender,United States,4966.6
688,Cleavland,Marzello,cmarzelloj3@sina.com.cn,Bigender,Australia,4487.1
689,Marinna,Pendred,mpendredj4@spiegel.de,Male,United States,7711.1
690,Rutter,Picardo,rpicardoj5@51.la,Genderqueer,United States,5760.7
691,Clem,Bootton,cboottonj6@ucoz.ru,Agender,United States,3071.0
692,Adan,Hilbourne,ahilbournej7@epa.gov,Bigender,United States,2644.7
693,Nat,Derbyshire,nderbyshirej8@samsung.com,Agender,United States,3794.8
694,Jorgan,Eldered,jelderedj9@dell.com,Genderfluid,United States,5621.3
695,Bron,Drewett,bdrewettja@upenn.edu,Non-binary,United States,4292.8
696,Cristabel,Minchella,cminchellajb@eepurl.com,Female,United States,6095.9
697,Aloisia,Moyce,amoycejc@naver.com,Genderqueer,Sri Lanka,3217.8
698,Dorette,Pettingall,dpettingalljd@blog.com,Non-binary,United States,5316.9
699,Jenni,Christofor,jchristoforje@vinaora.com,Polygender,United States,7451.9
700,Abbye,Bake,abakejf@weather.com,Genderfluid,United States,5293.4
701,Delmor,Regis,dregisjg@va.gov,Non-binary,United States,6133.2
702,Vance,Seccombe,vseccombejh@newyorker.com,Genderfluid,United States,3239.9
703,Friederike,Runciman,fruncimanji@disqus.com,Genderfluid,United States,4159.5
704,Eugenie,Shipp,eshippjj@tinyurl.com,Genderqueer,United States,6601.0
705,Janeczka,Remmer,jremmerjk@etsy.com,Non-binary,Sri Lanka,6039.1
706,Arnoldo,Heeks,aheeksjl@xing.com,Non-binary,United States,4917.5
707,Teresina,Lorryman,tlorrymanjm@over-blog.com,Genderqueer,United States,8545.9
708,Fedora,Tamplin,ftamplinjn@jimdo.com,Genderqueer,United States,7931.4
709,Petra,Searby,psearbyjo@nydailynews.com,Non-binary,United States,8980.7
710,Anstice,Ellesmere,aellesmerejp@un.org,Bigender,United States,3141.5
711,Giulietta,Vesco,gvescojq@epa.gov,Genderfluid,United States,8375.5
712,Shelli,Tireman,stiremanjr@yahoo.co.jp,Male,United States,7054.8
713,Regan,Jeannequin,rjeannequinjs@google.com.br,Non-binary,United States,5071.9
714,Felicle,MacDonogh,fmacdonoghjt@shutterfly.com,Non-binary,United States,9699.0
715,Morrie,Roberds,mroberdsju@weibo.com,Genderqueer,United States,4392.2
716,Renata,Statefield,rstatefieldjv@skyrock.com,Polygender,United States,6779.6
717,Erv,Vallance,evallancejw@nhs.uk,Male,United States,3509.8
718,Niel,Onyon,nonyonjx@tinyurl.com,Genderfluid,United States,8844.2
719,Flossie,Shea,fsheajy@google.de,Polygender,United States,4658.3
720,Ingar,Bidewel,ibideweljz@netvibes.com,Bigender,United States,7550.0
721,Fairlie,Osant,fosantk0@themeforest.net,Male,Australia,4625.0
722,Haley,Christophle,hchristophlek1@tamu.edu,Non-binary,Sri Lanka,7772.9
723,Aimee,Hanrahan,ahanrahank2@naver.com,Female,United States,9834.7
724,Ephrem,Eckersall,eeckersallk3@engadget.com,Non-binary,United States,6865.5
725,Brenda,Bourthouloume,bbourthouloumek4@plala.or.jp,Agender,United States,9307.0
726,Karlen,Rheam,krheamk5@nyu.edu,Female,United States,9908.0
727,Tina,Bowdon,tbowdonk6@alibaba.com,Non-binary,United States,9936.0
728,Alessandra,Dungey,adungeyk7@ucoz.ru,Female,United States,5951.6
729,Jacky,Drinkwater,jdrinkwaterk8@fotki.com,Agender,United States,8449.2
730,Dawn,Perassi,dperassik9@symantec.com,Genderfluid,United States,4878.5
731,Dolph,Pattinson,dpattinsonka@wunderground.com,Polygender,United States,4466.8
732,Bertie,MacCrossan,bmaccrossankb@reference.com,Non-binary,United States,4213.3
733,Ilario,Styan,istyankc@latimes.com,Genderqueer,United States,3858.8
734,Cosetta,Collaton,ccollatonkd@g.co,Male,United States,4315.9
735,Rae,Turfes,rturfeske@google.com,Genderfluid,Sri Lanka,7557.5
736,Romain,Langshaw,rlangshawkf@pagesperso-orange.fr,Bigender,United States,2559.0
737,Shaylynn,Selliman,ssellimankg@yale.edu,Polygender,Australia,9235.3
738,Glynnis,Banger,gbangerkh@github.io,Male,United States,8348.7
739,Jeremias,Cannan,jcannanki@amazon.de,Genderqueer,United States,6104.7
740,Alfie,Albert,aalbertkj@issuu.com,Genderfluid,United States,9751.9
741,Devon,Howman,dhowmankk@ed.gov,Agender,United States,4713.3
742,Benetta,Spain-Gower,bspaingowerkl@omniture.com,Genderqueer,United States,7757.5
743,Oriana,Wile,owilekm@behance.net,Male,United States,6008.8
744,Pavel,Loffill,ploffillkn@gmpg.org,Female,United States,6289.6
745,Dottie,Chasmar,dchasmarko@mlb.com,Polygender,United States,5947.4
746,Mercedes,Hulburd,mhulburdkp@51.la,Polygender,United States,8045.0
747,Andy,Goldby,agoldbykq@sciencedaily.com,Genderqueer,United States,5546.4
748,Krissie,Janak,kjanakkr@cornell.edu,Genderfluid,United States,7098.3
749,Rois,Ironmonger,rironmongerks@delicious.com,Non-binary,United States,5573.7
750,Monika,Jaine,mjainekt@epa.gov,Female,United States,6954.7
751,Georgiana,Haste,ghasteku@smh.com.au,Non-binary,United States,4245.5
752,Freda,Haycox,fhaycoxkv@ebay.com,Bigender,United States,4945.4
753,Cloe,Butner,cbutnerkw@redcross.org,Genderfluid,United States,4674.2
754,Meaghan,Byford,mbyfordkx@ustream.tv,Female,United States,6245.5
755,Georgeanna,Camblin,gcamblinky@yandex.ru,Non-binary,Australia,6919.2
756,Steven,Rosoman,srosomankz@gnu.org,Polygender,United States,3298.6
757,Tressa,Badini,tbadinil0@g.co,Polygender,United States,7744.0
758,Frannie,Bumford,fbumfordl1@google.cn,Male,United States,5839.2
759,Cozmo,Baskeyfield,cbaskeyfieldl2@desdev.cn,Genderfluid,United States,3476.3
760,Elmore,Crosson,ecrossonl3@dagondesign.com,Genderfluid,United States,8741.6
761,Farlie,MacSherry,fmacsherryl4@exblog.jp,Bigender,United States,6501.5
762,Eddie,Bowmer,ebowmerl5@nationalgeographic.com,Genderfluid,United States,6004.7
763,Gwenneth,Revely,grevelyl6@jimdo.com,Female,Sri Lanka,3075.6
764,Ronna,Cran,rcranl7@sourceforge.net,Genderfluid,United States,6684.7
765,Tammie,Haggerstone,thaggerstonel8@de.vu,Agender,United States,6346.6
766,Bay,D'Ambrosi,bdambrosil9@moonfruit.com,Polygender,United States,4428.9
767,Lief,Dettmar,ldettmarla@accuweather.com,Male,United States,2606.0
768,Giulia,Iiannoni,giiannonilb@phpbb.com,Female,United States,8348.4
769,Alena,Roycroft,aroycroftlc@bloomberg.com,Male,Australia,8204.9
770,Darlene,Hadgkiss,dhadgkissld@geocities.jp,Polygender,United States,2842.3
771,Phylis,Puddefoot,ppuddefootle@nih.gov,Agender,United States,3408.1
772,Joel,Audus,jauduslf@com.com,Bigender,United States,5541.7
773,Ermentrude,Tumasian,etumasianlg@ebay.com,Genderfluid,United States,5655.7
774,Humbert,Blatherwick,hblatherwicklh@mail.ru,Female,Sri Lanka,7921.9
775,Lida,Goeff,lgoeffli@smh.com.au,Bigender,United States,7391.4
776,Irv,Speachley,ispeachleylj@storify.com,Polygender,United States,6578.8
777,Desdemona,Rubinovici,drubinovicilk@economist.com,Bigender,United States,4195.3
778,Bobbie,Jeppe,bjeppell@youtu.be,Genderfluid,United States,6871.7
779,Muire,Giacoboni,mgiacobonilm@aol.com,Genderfluid,United States,2621.5
780,Dreddy,Gurery,dgureryln@seattletimes.com,Female,United States,9478.6
781,Lanie,Lawlie,llawlielo@chicagotribune.com,Genderqueer,United States,3003.4
782,Malissia,Clardge,mclardgelp@trellian.com,Genderfluid,United States,3810.0
783,Ferdy,Castagne,fcastagnelq@jigsy.com,Agender,United States,8959.0
784,Allan,Mougeot,amougeotlr@usnews.com,Female,United States,4413.1
785,Matthias,Hodcroft,mhodcroftls@imdb.com,Genderfluid,United States,6440.0
786,Tawnya,Scollan,tscollanlt@foxnews.com,Non-binary,Sri Lanka,8709.6
787,Haily,Fogg,hfogglu@shop-pro.jp,Genderqueer,United States,6417.5
788,Nannie,Sisland,nsislandlv@craigslist.org,Genderfluid,United States,4515.6
789,Larissa,Halburton,lhalburtonlw@gnu.org,Female,United States,9853.4
790,Guenna,Rockhill,grockhilllx@mashable.com,Bigender,United States,4639.9
791,Sidonnie,Grimbaldeston,sgrimbaldestonly@nps.gov,Non-binary,United States,4272.3
792,Anthia,Aishford,aaishfordlz@homestead.com,Non-binary,United States,5595.0
793,Cate,Shine,cshinem0@networkadvertising.org,Female,Sri Lanka,9168.5
794,Rona,Pomfret,rpomfretm1@about.me,Bigender,United States,4983.5
795,Dougy,Phibb,dphibbm2@opera.com,Polygender,United States,9009.4
796,Ruthann,McComb,rmccombm3@mail.ru,Genderqueer,United States,3765.5
797,Brant,Dobbs,bdobbsm4@arizona.edu,Female,United States,3093.6
798,Caye,Brayford,cbrayfordm5@elegantthemes.com,Genderqueer,United States,3485.4
799,Vittorio,De Normanville,vdenormanvillem6@state.tx.us,Female,United States,9417.7
800,Forbes,Windle,fwindlem7@scientificamerican.com,Genderfluid,United States,7315.7
801,Leanna,Hughland,lhughlandm8@myspace.com,Genderqueer,United States,8104.7
802,Lawry,Garfitt,lgarfittm9@amazon.de,Agender,United States,3554.8
803,Batholomew,Bernardo,bbernardoma@ucoz.ru,Genderqueer,United States,7055.6
804,Berget,Adamini,badaminimb@jimdo.com,Female,United States,9163.5
805,Hana,Marshman,hmarshmanmc@geocities.com,Agender,United States,7626.0
806,Ignatius,Roughsedge,iroughsedgemd@webnode.com,Non-binary,Australia,5017.2
807,Amabel,Iuorio,aiuoriome@illinois.edu,Agender,United States,8274.2
808,Nelia,Ardley,nardleymf@netvibes.com,Genderqueer,United States,8688.0
809,Blayne,Swayne,bswaynemg@cam.ac.uk,Non-binary,United States,3222.7
810,Daron,Thomsson,dthomssonmh@domainmarket.com,Female,United States,9135.2
811,Birdie,Mitchelson,bmitchelsonmi@kickstarter.com,Bigender,United States,2831.6
812,Clemmie,Tonbridge,ctonbridgemj@umn.edu,Female,United States,7226.1
813,Marj,Renol,mrenolmk@macromedia.com,Polygender,United States,9100.9
814,Jermaine,Louca,jloucaml@epa.gov,Agender,United States,3125.9
815,Chaunce,Pegram,cpegrammm@opensource.org,Male,United States,9061.2
816,Bella,Hackworthy,bhackworthymn@google.com.au,Non-binary,United States,3323.6
817,Catharine,Franc,cfrancmo@mediafire.com,Genderfluid,United States,5822.5
818,Garik,Barizeret,gbarizeretmp@cbslocal.com,Polygender,United States,7318.3
819,Brigitta,Lowmass,blowmassmq@howstuffworks.com,Female,United States,2926.8
820,Debor,Poizer,dpoizermr@g.co,Bigender,United States,9751.1
821,Lib,Russon,lrussonms@techcrunch.com,Genderfluid,Sri Lanka,3694.6
822,Erich,Bedbury,ebedburymt@fc2.com,Agender,United States,6304.4
823,Ilyse,Maxfield,imaxfieldmu@ucoz.ru,Male,United States,7422.4
824,Leonid,O'Dooghaine,lodooghainemv@yolasite.com,Genderfluid,United States,6031.0
825,Jewell,McCusker,jmccuskermw@jalbum.net,Polygender,United States,3273.9
826,Torrie,Feaver,tfeavermx@theglobeandmail.com,Polygender,United States,4806.2
827,Larina,Mardee,lmardeemy@timesonline.co.uk,Polygender,United States,7288.0
828,Valentijn,Picott,vpicottmz@xinhuanet.com,Female,United States,9731.0
829,Delcina,Leathwood,dleathwoodn0@chicagotribune.com,Agender,United States,2845.2
830,Ernesta,Moryson,emorysonn1@cornell.edu,Agender,United States,9572.3
831,Sela,Queripel,squeripeln2@mit.edu,Female,United States,6139.5
832,Cynthie,Yurmanovev,cyurmanovevn3@bigcartel.com,Bigender,United States,5069.8
833,Miriam,Worsnap,mworsnapn4@purevolume.com,Male,United States,9240.7
834,Fawne,Markl,fmarkln5@tmall.com,Agender,United States,2768.5
835,Aloise,Eyres,aeyresn6@posterous.com,Bigender,United States,6293.1
836,Romeo,Fryett,rfryettn7@domainmarket.com,Agender,United States,6424.2
837,Baxie,Reyne,breynen8@gravatar.com,Bigender,United States,8037.5
838,Jerad,Adamou,jadamoun9@oaic.gov.au,Male,United States,4999.5
839,Crystal,Doyland,cdoylandna@quantcast.com,Genderfluid,United States,6697.6
840,Timmie,Bound,tboundnb@myspace.com,Agender,United States,8357.5
841,Gnni,McCreath,gmccreathnc@webeden.co.uk,Female,United States,3094.3
842,Fina,Skechley,fskechleynd@wikia.com,Agender,United States,6288.9
843,Sherwin,Nussey,snusseyne@cnet.com,Genderfluid,United States,4511.6
844,Dana,Knatt,dknattnf@elegantthemes.com,Genderfluid,United States,8563.4
845,Adora,Vearncombe,avearncombeng@blogs.com,Polygender,United States,6904.5
846,Rollo,Whitehair,rwhitehairnh@ovh.net,Agender,United States,5699.7
847,Meyer,Perry,mperryni@pinterest.com,Polygender,United States,8170.2
848,Debora,Bilofsky,dbilofskynj@abc.net.au,Male,United States,7824.1
849,Wini,Clifft,wclifftnk@angelfire.com,Polygender,Australia,9116.5
850,Gardner,Gilligan,ggilligannl@loc.gov,Agender,United States,9901.2
851,Cedric,Deverill,cdeverillnm@symantec.com,Male,United States,7745.3
852,Nessy,Withringten,nwithringtennn@zdnet.com,Genderfluid,United States,5136.8
853,Micah,Jovicevic,mjovicevicno@elegantthemes.com,Male,United States,3065.2
854,Hernando,Ravenhill,hravenhillnp@latimes.com,Polygender,United States,3708.3
855,Diane,Firpi,dfirpinq@blogs.com,Female,United States,2672.1
856,Aloin,Bachman,abachmannr@japanpost.jp,Genderfluid,United States,4190.7
857,Hynda,Vanini,hvaninins@google.com.hk,Genderqueer,United States,2976.6
858,Hanny,Durnell,hdurnellnt@nyu.edu,Female,United States,7523.8
859,Budd,Clapison,bclapisonnu@paginegialle.it,Genderfluid,United States,6937.2
860,Joni,Samuels,jsamuelsnv@salon.com,Polygender,Australia,4692.2
861,Ashien,Teal,atealnw@arizona.edu,Genderqueer,United States,9570.7
862,Donia,Willatt,dwillattnx@theguardian.com,Genderfluid,United States,2694.2
863,Minette,Meddemmen,mmeddemmenny@qq.com,Genderfluid,Sri Lanka,7820.3
864,Cami,Rodrig,crodrignz@usnews.com,Bigender,United States,8367.5
865,Leslie,Ruddoch,lruddocho0@homestead.com,Bigender,United States,8801.5
866,Petunia,Bourges,pbourgeso1@quantcast.com,Genderqueer,United States,5027.1
867,Genvieve,MacLaren,gmaclareno2@macromedia.com,Genderqueer,United States,3548.2
868,Aleksandr,Mattin,amattino3@rambler.ru,Genderfluid,Australia,5506.5
869,Oriana,Cavan,ocavano4@auda.org.au,Genderfluid,United States,4885.0
870,Constantina,Folomkin,cfolomkino5@cbc.ca,Genderfluid,United States,8017.9
871,Teodoro,Gooda,tgoodao6@networkadvertising.org,Female,Australia,7544.7
872,Dahlia,Kilduff,dkilduffo7@economist.com,Male,United States,6887.3
873,Athene,Frangione,afrangioneo8@independent.co.uk,Genderfluid,United States,4847.1
874,Fredericka,Dyment,fdymento9@deviantart.com,Non-binary,United States,6020.7
875,Cammy,Desseine,cdesseineoa@wikipedia.org,Genderfluid,United States,7590.1
876,Valaree,Larchiere,vlarchiereob@vistaprint.com,Non-binary,United States,9964.6
877,Lory,Hunnawill,lhunnawilloc@elpais.com,Male,United States,9012.6
878,Nathaniel,Allbut,nallbutod@com.com,Genderqueer,United States,5511.9
879,Colette,Pettinger,cpettingeroe@bloglines.com,Female,United States,9155.7
880,Daphene,Tilbury,dtilburyof@lycos.com,Genderfluid,United States,7684.3
881,Lianna,Kellington,lkellingtonog@businessinsider.com,Male,United States,5551.1
882,Quentin,Raubenheimer,qraubenheimeroh@oaic.gov.au,Polygender,United States,3428.5
883,Hadlee,Reye,hreyeoi@smugmug.com,Male,United States,9080.9
884,Chantalle,Stillman,cstillmanoj@tamu.edu,Male,United States,3797.4
885,Hadrian,Spenceley,hspenceleyok@vistaprint.com,Female,United States,5645.3
886,Lorilee,Betke,lbetkeol@pinterest.com,Genderfluid,United States,8850.1
887,Olly,Frogley,ofrogleyom@w3.org,Non-binary,United States,4119.2
888,Kathi,Cole,kcoleon@home.pl,Agender,United States,6328.8
889,Judon,Carhart,jcarhartoo@a8.net,Female,United States,3171.5
890,Staffard,Onians,soniansop@webs.com,Male,Sri Lanka,7454.2
891,Lizbeth,Willard,lwillardoq@dot.gov,Male,United States,6034.4
892,Wilt,Hammond,whammondor@simplemachines.org,Female,United States,8926.3
893,Shalna,Marishenko,smarishenkoos@oakley.com,Female,United States,5818.4
894,Mariel,Pearcey,mpearceyot@berkeley.edu,Genderfluid,United States,3870.9
895,Gertrude,Hoyland,ghoylandou@blinklist.com,Agender,United States,3335.8
896,Doretta,Coxon,dcoxonov@archive.org,Agender,United States,9442.0
897,Martica,Bleakman,mbleakmanow@parallels.com,Polygender,United States,5786.2
898,Madeline,Dell 'Orto,mdellortoox@noaa.gov,Bigender,United States,4672.1
899,Caryn,Buney,cbuneyoy@arizona.edu,Agender,United States,9494.7
900,Garth,Joe,gjoeoz@imgur.com,Polygender,Sri Lanka,7151.2
901,Gwendolyn,Azemar,gazemarp0@wordpress.com,Bigender,United States,7627.8
902,Caroljean,Yonnie,cyonniep1@yolasite.com,Non-binary,United States,5515.2
903,Derek,Harbert,dharbertp2@networkadvertising.org,Genderfluid,United States,3363.9
904,Chris,Popland,cpoplandp3@phoca.cz,Agender,United States,9977.0
905,Audi,Serjeantson,aserjeantsonp4@toplist.cz,Male,United States,9527.7
906,Guthrie,Parren,gparrenp5@dailymotion.com,Female,United States,5137.2
907,Fayth,Baddam,fbaddamp6@nsw.gov.au,Female,United States,3261.0
908,Cordy,Burras,cburrasp7@si.edu,Female,United States,5999.1
909,Tina,Cathel,tcathelp8@goodreads.com,Female,United States,7130.7
910,Patsy,Woodroof,pwoodroofp9@hibu.com,Agender,United States,9385.1
911,Yvon,Salkild,ysalkildpa@geocities.jp,Female,United States,3355.2
912,Francisco,Thornborrow,fthornborrowpb@simplemachines.org,Agender,United States,5000.5
913,Cletis,Spincke,cspinckepc@usatoday.com,Genderfluid,United States,2594.2
914,Samson,Ibotson,sibotsonpd@cocolog-nifty.com,Genderfluid,United States,8240.0
915,Theobald,Naismith,tnaismithpe@goo.gl,Genderfluid,United States,4932.9
916,Phip,Linnard,plinnardpf@blogger.com,Polygender,United States,3206.6
917,Odille,Lambkin,olambkinpg@fastcompany.com,Agender,United States,8345.2
918,Carson,McGannon,cmcgannonph@ameblo.jp,Genderfluid,United States,4326.4
919,Francene,Holborn,fholbornpi@pinterest.com,Agender,United States,5075.8
920,Drucy,Parchment,dparchmentpj@deviantart.com,Genderqueer,United States,4817.3
921,Mick,Zwicker,mzwickerpk@bandcamp.com,Male,United States,5152.5
922,Ignacius,Wyness,iwynesspl@ted.com,Non-binary,Sri Lanka,3334.9
923,Birgit,Possa,bpossapm@digg.com,Female,United States,6987.3
924,Anissa,Lawford,alawfordpn@nyu.edu,Agender,United States,7281.9
925,Patsy,Mitchard,pmitchardpo@parallels.com,Non-binary,United States,5962.1
926,Ricki,Gotling,rgotlingpp@un.org,Bigender,United States,2514.1
927,Addy,Bulstrode,abulstrodepq@uol.com.br,Non-binary,United States,7867.8
928,Carmon,McPeeters,cmcpeeterspr@google.pl,Non-binary,Australia,4849.5
929,Caralie,Sirkett,csirkettps@squidoo.com,Genderqueer,United States,8606.4
930,Nonnah,Plante,nplantept@oracle.com,Agender,United States,5877.7
931,Zack,McCrow,zmccrowpu@home.pl,Agender,United States,6210.5
932,Huberto,Lippard,hlippardpv@soundcloud.com,Genderfluid,United States,7844.1
933,Marna,Gatchel,mgatchelpw@oaic.gov.au,Genderfluid,United States,4413.6
934,Hank,Gofford,hgoffordpx@simplemachines.org,Female,United States,3287.9
935,Manfred,Giovannini,mgiovanninipy@mayoclinic.com,Non-binary,United States,7607.3
936,Juliette,Rogez,jrogezpz@blogspot.com,Bigender,United States,3557.0
937,Clem,Treece,ctreeceq0@epa.gov,Agender,Sri Lanka,3388.5
938,Gay,Hollier,ghollierq1@nih.gov,Male,United States,9487.3
939,Clay,Wesley,cwesleyq2@feedburner.com,Female,United States,4949.3
940,Rana,Aidler,raidlerq3@hud.gov,Agender,United States,8460.9
941,Conni,Signe,csigneq4@amazon.com,Agender,United States,2911.0
942,Reina,Lasty,rlastyq5@uiuc.edu,Female,United States,5320.5
943,Lindon,Fagge,lfaggeq6@ow.ly,Male,United States,4521.8
944,Ky,Pratley,kpratleyq7@gmpg.org,Non-binary,United States,9222.9
945,Rafaela,Borwick,rborwickq8@nyu.edu,Male,United States,5431.6
946,Audry,Pagin,apaginq9@chron.com,Genderfluid,United States,6920.5
947,Drud,Ashburne,dashburneqa@noaa.gov,Non-binary,United States,2683.7
948,Harvey,Cathcart,hcathcartqb@addtoany.com,Non-binary,United States,5833.4
949,Xylia,Logesdale,xlogesdaleqc@eventbrite.com,Genderfluid,United States,7969.5
950,Elisabetta,Sygroves,esygrovesqd@answers.com,Genderfluid,Sri Lanka,7558.2
951,Rosemary,Penton,rpentonqe@blogspot.com,Non-binary,United States,2709.1
952,Dell,Boddymead,dboddymeadqf@ucoz.com,Polygender,United States,5773.1
953,Atlanta,Borne,aborneqg@pcworld.com,Bigender,United States,9238.3
954,Skelly,McCory,smccoryqh@ebay.co.uk,Non-binary,United States,5700.6
955,Lorens,Jakubovitch,ljakubovitchqi@scientificamerican.com,Female,United States,5396.7
956,Calvin,Walworth,cwalworthqj@rakuten.co.jp,Polygender,United States,3201.6
957,Rori,Kennford,rkennfordqk@walmart.com,Non-binary,United States,6569.7
958,Marvin,Deehan,mdeehanql@geocities.com,Bigender,Sri Lanka,3864.9
959,Chiarra,Camps,ccampsqm@arstechnica.com,Polygender,United States,7095.0
960,Georgie,Hamshere,ghamshereqn@sohu.com,Polygender,United States,8195.4
961,Hillier,Baum,hbaumqo@epa.gov,Genderfluid,United States,6814.7
962,Donetta,Graal,dgraalqp@hp.com,Genderqueer,United States,3890.6
963,Francyne,Hammarberg,fhammarbergqq@google.ru,Male,United States,6280.3
964,Ricca,Coil,rcoilqr@wikipedia.org,Non-binary,United States,8239.6
965,Eula,Fairney,efairneyqs@ifeng.com,Female,United States,5450.2
966,Alix,Shorthill,ashorthillqt@sogou.com,Polygender,United States,5793.5
967,Marquita,Tallet,mtalletqu@exblog.jp,Genderfluid,United States,5496.2
968,Lexis,Waddilow,lwaddilowqv@icq.com,Non-binary,United States,5394.0
969,Joannes,Standbrook,jstandbrookqw@reddit.com,Genderqueer,United States,3631.5
970,Brendan,Petruszka,bpetruszkaqx@go.com,Agender,United States,6478.0
971,Yurik,Di Biagio,ydibiagioqy@ebay.com,Genderfluid,United States,8490.0
972,Filbert,Vine,fvineqz@technorati.com,Agender,United States,7555.9
973,Rock,Copping,rcoppingr0@ning.com,Polygender,United States,9207.9
974,Vyky,Bunyan,vbunyanr1@gravatar.com,Bigender,United States,3387.3
975,Cooper,Caveney,ccaveneyr2@constantcontact.com,Polygender,United States,5219.9
976,Mamie,Wrighton,mwrightonr3@digg.com,Bigender,Australia,6986.2
977,Loree,Iliffe,liliffer4@google.es,Genderqueer,United States,6911.8
978,Hartwell,Popworth,hpopworthr5@tmall.com,Genderqueer,United States,4687.1
979,Enrika,Handford,ehandfordr6@rakuten.co.jp,Genderqueer,United States,6008.4
980,Beverlie,Gorges,bgorgesr7@rediff.com,Female,United States,8643.6
981,Tallou,Cromar,tcromarr8@tripod.com,Male,United States,7732.9
982,Marylinda,Jurasek,mjurasekr9@wsj.com,Bigender,United States,7428.2
983,Abigael,Thaine,athainera@360.cn,Female,United States,9774.7
984,Matthaeus,Whyte,mwhyterb@house.gov,Bigender,United States,4995.5
985,Larine,Garretson,lgarretsonrc@harvard.edu,Bigender,United States,9982.0
986,Abagael,Fulstow,afulstowrd@bravesites.com,Agender,United States,7486.2
987,Norry,Dolle,ndollere@tripod.com,Agender,United States,2608.4
988,Nina,Learman,nlearmanrf@google.es,Female,United States,3524.3
989,Robinet,Oliphand,roliphandrg@sitemeter.com,Non-binary,United States,4089.0
990,Aleksandr,MacKellen,amackellenrh@netlog.com,Polygender,United States,4889.7
991,Ewan,Chrystal,echrystalri@unblog.fr,Genderqueer,United States,2705.9
992,Wes,Hamor,whamorrj@goo.gl,Non-binary,Australia,2715.3
993,Locke,Lade,lladerk@sakura.ne.jp,Genderqueer,United States,8679.7
994,Nani,Boston,nbostonrl@sina.com.cn,Non-binary,United States,8170.4
995,Merola,Furse,mfurserm@typepad.com,Non-binary,United States,4972.0
996,Anabelle,Barnsley,abarnsleyrn@bluehost.com,Non-binary,United States,3758.6
997,Haley,Ettles,hettlesro@qq.com,Male,India,9185.7
998,Raviv,Rapper,rrapperrp@tamu.edu,Genderqueer,United States,8308.4
999,Torry,Searle,tsearlerq@qq.com,Bigender,United States,2985.5
1000,Kimble,Gay,kgayrr@seattletimes.com,Genderqueer,United States,4766.9
